elapsed_s,cpu_percent,rss_mb,vms_mb,threads,read_mb,write_mb,system_cpu_percent,system_memory_percent
3.814697265625e-06,94.6,6.09375,401250.03125,2,0.0,0.0,0.0,51.2
0.5142128467559814,30.3,261.3125,815133.59375,57,0.0,0.0,26.3,51.2
1.0284559726715088,0.0,372.421875,815148.921875,64,0.0,0.0,18.5,52.5
1.5426750183105469,0.0,669.3125,815161.015625,66,0.0,0.0,17.9,54.0
2.049468994140625,0.0,757.890625,815169.015625,66,0.0,0.0,14.8,54.4
2.5636727809906006,0.0,757.953125,815169.015625,66,0.0,0.0,12.5,54.4
3.0691850185394287,1.8,759.015625,815169.234375,66,0.0,0.0,12.1,54.4
3.5836527347564697,0.0,759.015625,815169.234375,66,0.0,0.0,12.8,54.4
4.098050832748413,0.0,759.0625,815169.234375,66,0.0,0.0,12.0,54.4
4.612226724624634,0.0,759.0625,815169.234375,66,0.0,0.0,12.4,54.4
5.126438856124878,0.0,759.046875,815168.6875,65,0.0,0.0,13.4,54.3
5.635601997375488,0.2,759.078125,815168.140625,64,0.0,0.0,21.9,54.3
6.149483919143677,0.0,759.078125,815168.140625,64,0.0,0.0,14.2,53.5
6.663754940032959,0.0,759.125,815168.140625,64,0.0,0.0,12.3,53.5
7.177950859069824,0.0,759.171875,815168.140625,64,0.0,0.0,14.3,53.5
7.6859519481658936,0.0,759.46875,815168.140625,64,0.0,0.0,14.1,53.5
8.200094938278198,0.1,562.9375,815170.1875,65,0.0,0.0,15.6,53.5
8.714285135269165,0.0,747.625,815170.1875,65,0.0,0.0,13.4,54.3
9.2268648147583,0.0,1069.9375,815170.1875,65,0.0,0.0,13.7,55.7
9.741066932678223,0.0,1105.96875,815170.1875,65,0.0,0.0,13.2,55.9
10.250257968902588,0.1,1105.96875,815170.1875,65,0.0,0.0,11.9,55.9
10.755460739135742,0.0,1105.96875,815170.1875,65,0.0,0.0,11.0,55.9
11.269670963287354,0.0,1105.96875,815170.1875,65,0.0,0.0,11.1,55.9
11.783867835998535,0.0,1105.96875,815170.1875,65,0.0,0.0,11.3,55.9
12.293292045593262,0.0,1105.96875,815170.1875,65,0.0,0.0,16.1,55.9
12.807509899139404,0.2,1106.0,815170.1875,65,0.0,0.0,15.1,55.8
13.312184810638428,0.0,1106.015625,815170.1875,65,0.0,0.0,13.7,55.8
13.826384782791138,0.0,1106.015625,815170.1875,65,0.0,0.0,10.9,55.8
14.340616941452026,0.0,1106.015625,815170.1875,65,0.0,0.0,11.3,55.8
14.85482382774353,0.0,1106.015625,815170.1875,65,0.0,0.0,11.7,55.8
15.364162683486938,0.1,1106.03125,815170.1875,65,0.0,0.0,10.6,55.8
15.876942873001099,0.0,1106.03125,815170.1875,65,0.0,0.0,13.3,55.6
16.382783889770508,0.0,1106.03125,815170.1875,65,0.0,0.0,11.6,55.6
16.896986961364746,0.0,1106.03125,815170.1875,65,0.0,0.0,11.3,55.6
17.41118288040161,0.4,1106.203125,815170.1875,65,0.0,0.0,11.2,55.6
17.925351858139038,0.0,1106.203125,815170.1875,65,0.0,0.0,12.1,55.6
18.4395649433136,0.0,1106.203125,815170.1875,65,0.0,0.0,10.5,55.6
18.953778982162476,0.0,1106.203125,815170.1875,65,0.0,0.0,12.4,55.6
19.46659779548645,0.0,1106.203125,815170.1875,65,0.0,0.0,18.9,55.5
19.98093891143799,0.3,1106.234375,815170.1875,65,0.0,0.0,12.2,55.5
20.495448112487793,0.0,1106.234375,815170.1875,65,0.0,0.0,12.3,55.4
21.009827852249146,0.0,1106.234375,815170.1875,65,0.0,0.0,13.4,55.3
21.52418088912964,0.0,1106.234375,815170.1875,65,0.0,0.0,11.3,55.3
22.038377046585083,0.0,1106.234375,815170.1875,65,0.0,0.0,11.5,55.3
22.552589893341064,0.5,1107.03125,815170.1875,65,0.0,0.0,12.0,55.4
23.066094875335693,0.0,1107.03125,815170.1875,65,0.0,0.0,11.1,55.3
23.578561067581177,0.0,1107.046875,815170.1875,65,0.0,0.0,14.5,55.3
24.09274387359619,0.0,1107.046875,815170.1875,65,0.0,0.0,12.3,55.3
24.606878995895386,0.2,1107.046875,815170.1875,65,0.0,0.0,11.5,55.3
25.115894079208374,0.0,1107.046875,815170.1875,65,0.0,0.0,10.7,55.3
25.624488830566406,0.0,1107.046875,815170.1875,65,0.0,0.0,12.0,55.1
26.138230085372925,0.0,1107.046875,815170.1875,65,0.0,0.0,12.6,55.1
26.652644872665405,0.0,1107.046875,815170.1875,65,0.0,0.0,18.6,55.1
27.166894912719727,0.2,1107.296875,815170.1875,65,0.0,0.0,11.3,55.1
27.68100881576538,0.0,1107.296875,815170.1875,65,0.0,0.0,10.5,55.1
28.19513487815857,0.0,1107.296875,815170.1875,65,0.0,0.0,11.3,55.1
28.706106901168823,0.0,1107.296875,815170.1875,65,0.0,0.0,13.3,55.2
29.219757080078125,0.0,1107.296875,815170.1875,65,0.0,0.0,10.5,55.2
29.734102964401245,0.1,1107.3125,815170.1875,65,0.0,0.0,12.3,55.1
30.248265027999878,0.0,1107.3125,815170.1875,65,0.0,0.0,11.4,55.1
30.75697898864746,0.0,1107.3125,815170.1875,65,0.0,0.0,11.4,55.1
31.2711238861084,0.0,1107.3125,815170.1875,65,0.0,0.0,12.4,55.1
31.785297870635986,0.0,1107.3125,815170.1875,65,0.0,0.0,11.6,55.1
32.299476861953735,0.1,1107.328125,815170.1875,65,0.0,0.0,11.7,55.1
32.81387805938721,0.0,1107.328125,815170.1875,65,0.0,0.0,11.4,55.1
33.3217830657959,0.0,1107.328125,815170.1875,65,0.0,0.0,16.2,55.1
33.83621883392334,0.0,1107.328125,815170.1875,65,0.0,0.0,14.2,55.1
34.34965896606445,0.2,1107.640625,815170.1875,65,0.0,0.0,11.5,55.1
34.858964920043945,0.0,1107.640625,815170.1875,65,0.0,0.0,12.4,55.1
35.373326778411865,0.0,1107.640625,815170.1875,65,0.0,0.0,11.2,55.1
35.88767385482788,0.0,1107.640625,815170.1875,65,0.0,0.0,12.2,55.1
36.39401984214783,0.0,1107.640625,815170.1875,65,0.0,0.0,11.9,55.1
36.90819573402405,0.3,1107.6875,815170.1875,65,0.0,0.0,11.0,55.1
37.42239785194397,0.0,1107.6875,815170.1875,65,0.0,0.0,12.1,55.1
37.936585903167725,0.0,1107.6875,815170.1875,65,0.0,0.0,10.6,55.1
38.44658899307251,0.0,1107.6875,815170.1875,65,0.0,0.0,12.3,55.1
38.960752964019775,0.0,1107.6875,815170.1875,65,0.0,0.0,11.9,55.1
39.474934101104736,0.2,1107.734375,815170.1875,65,0.0,0.0,11.7,55.1
39.98597002029419,0.0,1107.734375,815170.1875,65,0.0,0.0,10.9,55.1
40.496258020401,0.0,1107.734375,815170.1875,65,0.0,0.0,19.8,55.1
41.01066970825195,0.0,1107.734375,815170.1875,65,0.0,0.0,11.4,55.1
41.51993703842163,0.2,1107.84375,815178.1875,65,0.0,0.0,11.2,55.1
42.03409004211426,0.0,1107.84375,815178.1875,65,0.0,0.0,11.6,55.1
42.54823875427246,0.0,1107.84375,815178.1875,65,0.0,0.0,12.2,55.1
43.061919927597046,0.0,1107.84375,815178.1875,65,0.0,0.0,10.7,55.0
43.576111793518066,0.0,1107.84375,815178.1875,65,0.0,0.0,15.2,55.1
44.09027099609375,0.2,1107.859375,815178.1875,65,0.0,0.0,13.6,55.0
44.604352951049805,0.0,1107.859375,815178.1875,65,0.0,0.0,10.6,55.0
45.118403911590576,0.0,1107.859375,815178.1875,65,0.0,0.0,12.2,55.0
45.625608921051025,0.0,1107.875,815178.1875,65,0.0,0.0,12.2,55.0
46.1399359703064,0.0,1107.875,815178.1875,65,0.0,0.0,11.5,55.0
46.645912885665894,0.1,1107.921875,815178.1875,65,0.0,0.0,11.1,55.0
47.16000699996948,0.0,1107.9375,815178.1875,65,0.0,0.0,12.8,55.0
47.669950008392334,0.0,1107.9375,815178.1875,65,0.0,0.0,17.6,55.0
48.179600954055786,0.0,1107.9375,815178.1875,65,0.0,0.0,12.4,55.1
48.69374179840088,0.9,95.28125,814567.625,48,0.0,0.0,11.4,55.0
49.200291872024536,0.6,293.828125,815038.53125,64,0.0,0.0,20.8,52.2
49.7144730091095,0.0,470.0,815036.484375,63,0.0,0.0,15.8,53.0
50.21999478340149,0.0,657.328125,815040.578125,65,0.0,0.0,13.8,53.8
50.73427891731262,0.0,757.453125,815048.578125,65,0.0,0.0,13.1,54.2
51.248520851135254,0.0,762.328125,815048.578125,65,0.0,0.0,14.5,54.2
51.76284193992615,0.2,762.65625,815048.6875,65,0.0,0.0,12.5,54.2
52.27158284187317,0.0,762.65625,815048.6875,65,0.0,0.0,15.8,54.2
52.785905838012695,0.0,762.734375,815048.6875,65,0.0,0.0,15.9,54.1
53.30017590522766,0.0,762.75,815048.6875,65,0.0,0.0,14.6,54.0
53.81444978713989,0.5,763.28125,815048.6875,65,0.0,0.0,13.1,54.0
54.32506799697876,0.0,763.265625,815048.140625,64,0.0,0.0,15.9,54.0
54.83879780769348,0.0,763.265625,815048.140625,64,0.0,0.0,15.5,53.9
55.346795082092285,0.0,763.296875,815048.140625,64,0.0,0.0,13.4,53.9
55.86107897758484,0.0,763.390625,815048.140625,64,0.0,0.0,11.9,53.9
56.37535905838013,0.2,763.828125,815048.140625,64,0.0,0.0,15.4,53.9
56.88960289955139,0.0,578.078125,815050.1875,65,0.0,0.0,15.4,54.0
57.40386414527893,0.0,864.46875,815050.1875,65,0.0,0.0,13.0,55.3
57.918094873428345,0.0,1147.859375,815050.1875,65,0.0,0.0,13.3,56.6
58.432183027267456,0.0,1147.859375,815050.1875,65,0.0,0.0,11.0,56.6
58.93845987319946,0.2,1147.921875,815050.1875,65,0.0,0.0,14.0,56.6
59.45279383659363,0.0,1147.921875,815050.1875,65,0.0,0.0,10.4,56.6
59.9599187374115,0.0,1147.921875,815050.1875,65,0.0,0.0,11.5,56.5
60.4740469455719,0.0,1147.921875,815050.1875,65,0.0,0.0,13.2,56.5
60.988126039505005,0.0,1147.921875,815050.1875,65,0.0,0.0,11.5,56.3
61.49970579147339,0.1,1147.921875,815050.1875,65,0.0,0.0,19.7,56.3
62.01383996009827,0.0,1147.921875,815050.1875,65,0.0,0.0,12.1,56.3
62.52123284339905,0.0,1147.921875,815050.1875,65,0.0,0.0,11.1,56.3
63.03551387786865,0.0,1147.921875,815050.1875,65,0.0,0.0,14.0,56.3
63.54978108406067,0.1,1147.9375,815050.1875,65,0.0,0.0,12.1,56.3
64.06401896476746,0.0,1147.9375,815050.1875,65,0.0,0.0,10.5,56.3
64.57361483573914,0.0,1147.9375,815050.1875,65,0.0,0.0,11.0,56.2
65.0812418460846,0.0,1147.9375,815050.1875,65,0.0,0.0,11.8,56.2
65.59533071517944,0.0,1147.9375,815050.1875,65,0.0,0.0,11.5,56.2
66.10942387580872,0.1,1147.9375,815050.1875,65,0.0,0.0,12.1,56.2
66.62057971954346,0.0,1147.9375,815050.1875,65,0.0,0.0,12.4,56.0
67.13462090492249,0.0,1147.9375,815050.1875,65,0.0,0.0,10.5,56.1
67.64868307113647,0.0,1147.9375,815050.1875,65,0.0,0.0,11.9,56.1
68.1627688407898,0.0,1147.9375,815050.1875,65,0.0,0.0,11.3,56.0
68.67277789115906,0.2,1148.0,815050.1875,65,0.0,0.0,28.7,55.8
69.18683385848999,0.0,1148.0,815050.1875,65,0.0,0.0,17.6,55.6
69.6932020187378,0.0,1148.0,815050.1875,65,0.0,0.0,11.4,55.7
70.20748686790466,0.0,1148.0,815050.1875,65,0.0,0.0,11.7,55.6
70.72156190872192,0.0,1148.0,815050.1875,65,0.0,0.0,13.1,55.6
71.23563599586487,0.2,1148.453125,815050.1875,65,0.0,0.0,11.5,55.6
71.7420699596405,0.0,1148.484375,815050.1875,65,0.0,0.0,11.8,55.6
72.25461101531982,0.0,1148.484375,815050.1875,65,0.0,0.0,11.5,55.6
72.77033805847168,0.0,1148.484375,815050.1875,65,0.0,0.0,11.3,55.6
73.28464794158936,0.2,1148.484375,815050.1875,65,0.0,0.0,11.8,55.6
73.79242706298828,0.0,1148.484375,815050.1875,65,0.0,0.0,12.8,55.6
74.30647611618042,0.0,1148.484375,815050.1875,65,0.0,0.0,11.4,55.6
74.82057690620422,0.0,1148.484375,815050.1875,65,0.0,0.0,11.8,55.6
75.33396577835083,0.0,1148.484375,815050.1875,65,0.0,0.0,14.3,55.6
75.84442973136902,0.2,1148.53125,815050.1875,65,0.0,0.0,18.0,55.4
76.35868072509766,0.0,1148.53125,815050.1875,65,0.0,0.0,10.8,55.4
76.87277889251709,0.0,1148.53125,815050.1875,65,0.0,0.0,10.9,55.4
77.37704396247864,0.0,1148.53125,815050.1875,65,0.0,0.0,11.7,55.3
77.88909387588501,0.0,1148.53125,815050.1875,65,0.0,0.0,11.2,55.3
78.40343713760376,0.1,1148.546875,815050.1875,65,0.0,0.0,12.2,55.3
78.91751194000244,0.0,1148.546875,815050.1875,65,0.0,0.0,13.3,55.3
79.42339777946472,0.0,1148.546875,815050.1875,65,0.0,0.0,10.6,55.3
79.9374508857727,0.0,1148.546875,815050.1875,65,0.0,0.0,12.3,55.2
80.45149111747742,0.1,1148.546875,815050.1875,65,0.0,0.0,14.4,55.2
80.95649480819702,0.0,1148.546875,815050.1875,65,0.0,0.0,10.3,55.2
81.4705548286438,0.0,1148.546875,815050.1875,65,0.0,0.0,15.6,55.4
81.98479580879211,0.0,1148.546875,815050.1875,65,0.0,0.0,13.9,55.3
82.49760890007019,0.0,1148.546875,815050.1875,65,0.0,0.0,16.8,55.3
83.0117130279541,0.1,1148.59375,815050.1875,65,0.0,0.0,14.2,55.3
83.52498698234558,0.0,1148.59375,815050.1875,65,0.0,0.0,11.8,55.3
84.03930282592773,0.0,1148.59375,815050.1875,65,0.0,0.0,11.4,55.3
84.54975390434265,0.0,1148.59375,815050.1875,65,0.0,0.0,11.4,55.3
85.06125497817993,0.0,1148.59375,815050.1875,65,0.0,0.0,10.9,55.3
85.57534790039062,0.2,1148.625,815050.1875,65,0.0,0.0,12.5,55.3
86.08944296836853,0.0,1148.625,815050.1875,65,0.0,0.0,11.5,55.3
86.60350799560547,0.0,1148.625,815050.1875,65,0.0,0.0,10.7,55.2
87.11760377883911,0.0,1148.625,815050.1875,65,0.0,0.0,11.9,55.2
87.62957000732422,0.1,1148.625,815050.1875,65,0.0,0.0,14.4,55.4
88.14362597465515,0.0,1148.625,815050.1875,65,0.0,0.0,11.7,55.3
88.65006184577942,0.0,1148.625,815050.1875,65,0.0,0.0,13.2,55.3
89.16440486907959,0.0,1148.640625,815050.1875,65,0.0,0.0,13.8,55.3
89.67480611801147,0.0,1148.640625,815050.1875,65,0.0,0.0,19.1,55.3
90.188316822052,0.2,1148.671875,815050.1875,65,0.0,0.0,12.1,55.3
90.69583797454834,0.0,1148.671875,815050.1875,65,0.0,0.0,11.0,55.2
91.20990800857544,0.0,1148.671875,815050.1875,65,0.0,0.0,11.9,55.2
91.7240219116211,0.0,1148.671875,815050.1875,65,0.0,0.0,11.2,55.2
92.23814678192139,0.0,1148.671875,815050.1875,65,0.0,0.0,11.1,55.2
92.75225973129272,0.4,1148.734375,815050.1875,65,0.0,0.0,12.8,55.3
93.26637291908264,0.0,1148.734375,815050.1875,65,0.0,0.0,11.5,55.3
93.77200102806091,0.0,1148.734375,815050.1875,65,0.0,0.0,10.9,55.3
94.27794194221497,0.0,1148.734375,815050.1875,65,0.0,0.0,11.7,55.3
94.79204988479614,0.0,1148.734375,815050.1875,65,0.0,0.0,12.1,55.3
95.30614709854126,0.1,1148.765625,815050.1875,65,0.0,0.0,10.7,55.3
95.82023882865906,0.0,1148.765625,815050.1875,65,0.0,0.0,11.6,55.3
96.33535885810852,0.0,1148.765625,815050.1875,65,0.0,0.0,14.6,55.3
96.84954690933228,0.0,1148.765625,815050.1875,65,0.0,0.0,17.0,55.3
97.3636589050293,4.3,162.765625,815012.15625,56,0.0,0.0,15.6,51.4
97.87822580337524,0.0,390.484375,815029.53125,64,0.0,0.0,20.7,51.4
98.3905680179596,0.0,577.28125,815038.53125,64,0.0,0.0,19.6,53.4
98.89594292640686,0.0,706.609375,815049.578125,65,0.0,0.0,18.1,54.0
99.41030979156494,0.0,743.75,815058.578125,65,0.0,0.0,20.3,54.2
99.92450308799744,0.3,1100.5,815058.6875,65,0.0,0.0,12.3,54.2
100.43861389160156,0.0,1253.84375,815058.6875,65,0.0,0.0,17.5,56.5
100.9514389038086,0.0,1254.28125,815058.6875,65,0.0,0.0,18.0,56.5
101.4581048488617,0.0,1266.46875,815059.6875,65,0.0,0.0,12.0,56.6
101.96343612670898,0.0,1655.484375,815059.6875,65,0.0,0.0,18.5,58.3
102.47779893875122,0.0,1655.484375,815059.6875,65,0.0,0.0,10.7,58.3
102.99198889732361,0.0,1655.46875,815059.140625,64,0.0,0.0,14.9,58.3
103.50209379196167,0.2,1655.546875,815059.140625,64,0.0,0.0,20.0,58.4
104.01629114151001,0.0,1655.59375,815059.140625,64,0.0,0.0,19.7,58.3
104.52338314056396,0.0,1655.59375,815059.140625,64,0.0,0.0,13.3,58.2
105.0376648902893,0.0,1749.96875,815059.140625,64,0.0,0.0,17.6,58.7
105.55191779136658,0.0,1749.96875,815059.140625,64,0.0,0.0,10.9,58.7
106.05644798278809,0.0,1828.734375,815059.140625,64,0.0,0.0,18.2,58.9
106.57056784629822,0.0,1828.875,815059.140625,64,0.0,0.0,17.4,58.8
107.07548809051514,0.0,1828.90625,815059.140625,64,0.0,0.0,12.9,58.8
107.58980584144592,0.2,1142.5625,815069.1875,65,0.0,0.0,19.4,55.6
108.10213685035706,0.0,1148.359375,815069.1875,65,0.0,0.0,16.9,55.6
108.61630010604858,0.0,1148.78125,815069.1875,65,0.0,0.0,16.9,55.6
109.1306459903717,0.0,1148.78125,815069.1875,65,0.0,0.0,16.8,55.6
109.6444399356842,0.0,1148.78125,815069.1875,65,0.0,0.0,13.3,55.7
110.15854287147522,0.0,1148.84375,815069.1875,65,0.0,0.0,17.1,55.7
110.67268776893616,0.0,932.84375,815069.1875,65,0.0,0.0,28.0,54.5
111.17963910102844,0.1,933.078125,815069.1875,65,0.0,0.0,17.4,54.4
111.68961596488953,0.0,1243.03125,815069.1875,65,0.0,0.0,15.1,55.9
112.20390295982361,0.0,1558.484375,815069.1875,65,0.0,0.0,10.9,57.3
112.71816492080688,0.0,1878.953125,815069.1875,65,0.0,0.0,12.5,58.8
113.2334337234497,0.0,2151.265625,815069.1875,65,0.0,0.0,18.6,60.0
113.74771690368652,0.0,2151.265625,815069.1875,65,0.0,0.0,11.8,59.9
114.26200795173645,0.0,2151.28125,815069.1875,65,0.0,0.0,13.0,59.8
114.77628183364868,0.2,2151.765625,815069.1875,65,0.0,0.0,11.1,59.9
115.290522813797,0.0,2193.109375,815069.1875,65,0.0,0.0,13.7,59.9
115.80480694770813,0.0,2193.109375,815069.1875,65,0.0,0.0,10.8,60.1
116.3191089630127,0.0,2193.109375,815069.1875,65,0.0,0.0,10.9,60.0
116.83335590362549,0.0,2274.015625,815069.1875,65,0.0,0.0,18.3,60.5
117.3422908782959,0.0,2274.015625,815069.1875,65,0.0,0.0,12.4,60.5
117.84974479675293,0.0,2274.015625,815069.1875,65,0.0,0.0,17.6,60.4
118.36402797698975,0.0,2277.265625,815069.1875,65,0.0,0.0,16.1,60.4
118.87831711769104,0.2,2277.265625,815069.1875,65,0.0,0.0,11.1,60.4
119.38801002502441,0.0,2277.265625,815069.1875,65,0.0,0.0,16.0,58.7
119.90242981910706,0.0,2277.265625,815069.1875,65,0.0,0.0,15.7,58.7
120.40785789489746,0.0,2277.265625,815069.1875,65,0.0,0.0,10.6,58.7
120.92197895050049,0.0,2277.265625,815069.1875,65,0.0,0.0,11.7,58.7
121.42745876312256,0.0,2277.265625,815069.1875,65,0.0,0.0,14.4,58.7
121.94169974327087,0.0,2277.265625,815069.1875,65,0.0,0.0,10.9,58.7
122.45574998855591,0.2,2277.28125,815069.1875,65,0.0,0.0,10.9,58.7
122.96773982048035,0.0,2277.28125,815069.1875,65,0.0,0.0,11.0,58.7
123.48203492164612,0.0,2278.703125,815069.1875,65,0.0,0.0,16.1,58.7
123.99616289138794,0.0,2278.703125,815069.1875,65,0.0,0.0,10.7,58.6
124.50843906402588,0.0,2278.703125,815069.1875,65,0.0,0.0,14.7,58.7
125.01771688461304,0.0,2278.703125,815069.1875,65,0.0,0.0,16.7,58.7
125.53204298019409,0.0,2278.703125,815069.1875,65,0.0,0.0,10.7,58.7
126.04633283615112,0.2,2278.765625,815069.1875,65,0.0,0.0,11.7,58.7
126.5558819770813,0.0,2278.765625,815069.1875,65,0.0,0.0,12.4,58.7
127.07013773918152,0.0,2278.765625,815069.1875,65,0.0,0.0,12.2,58.7
127.5809679031372,0.0,2278.765625,815069.1875,65,0.0,0.0,11.6,58.7
128.09505796432495,0.0,2278.765625,815069.1875,65,0.0,0.0,10.5,58.7
128.60920095443726,0.0,2278.765625,815069.1875,65,0.0,0.0,13.9,58.7
129.11960887908936,0.0,2278.765625,815069.1875,65,0.0,0.0,11.0,58.7
129.63370299339294,0.2,2278.859375,815069.1875,65,0.0,0.0,10.8,58.7
130.14069604873657,0.0,2278.859375,815069.1875,65,0.0,0.0,11.6,58.7
130.65498805046082,0.0,2278.859375,815069.1875,65,0.0,0.0,10.9,58.7
131.16926097869873,0.0,2278.859375,815069.1875,65,0.0,0.0,10.7,58.7
131.68356680870056,0.0,2278.859375,815069.1875,65,0.0,0.0,19.1,58.7
132.19792580604553,0.0,2278.859375,815069.1875,65,0.0,0.0,11.3,58.6
132.710599899292,0.0,2278.859375,815069.1875,65,0.0,0.0,10.6,58.7
133.2249219417572,0.0,2278.859375,815069.1875,65,0.0,0.0,10.9,58.7
133.7390730381012,0.1,2278.875,815069.1875,65,0.0,0.0,11.4,58.7
134.24353575706482,0.0,2278.875,815069.1875,65,0.0,0.0,11.3,58.7
134.7578089237213,0.0,2278.875,815069.1875,65,0.0,0.0,11.6,58.7
135.26547694206238,0.0,2278.96875,815069.1875,65,0.0,0.0,11.4,58.7
135.77124404907227,0.0,2278.96875,815069.1875,65,0.0,0.0,10.8,58.7
136.28552389144897,0.0,2278.96875,815069.1875,65,0.0,0.0,11.3,58.6
136.79873490333557,0.0,2278.96875,815069.1875,65,0.0,0.0,11.5,58.6
137.31288385391235,0.1,2278.984375,815069.1875,65,0.0,0.0,10.9,58.6
137.82697296142578,0.0,2278.984375,815069.1875,65,0.0,0.0,12.1,58.7
138.34106707572937,0.0,2278.984375,815069.1875,65,0.0,0.0,11.9,58.7
138.85169005393982,0.0,2278.984375,815069.1875,65,0.0,0.0,23.0,58.7
139.3657648563385,0.0,2278.984375,815069.1875,65,0.0,0.0,11.3,58.6
139.87993097305298,0.0,2278.984375,815069.1875,65,0.0,0.0,11.7,58.7
140.39422798156738,0.0,2278.984375,815069.1875,65,0.0,0.0,15.0,58.7
140.90836000442505,0.1,2278.984375,815069.1875,65,0.0,0.0,10.9,58.7
141.4224889278412,0.0,2278.984375,815069.1875,65,0.0,0.0,10.9,58.7
141.92733097076416,0.0,2278.984375,815069.1875,65,0.0,0.0,12.5,58.7
142.43216800689697,0.0,2278.984375,815069.1875,65,0.0,0.0,14.7,58.7
142.94634699821472,0.0,2278.984375,815069.1875,65,0.0,0.0,11.5,58.7
143.45567274093628,0.0,2278.984375,815069.1875,65,0.0,0.0,11.4,58.7
143.97002696990967,0.0,2278.984375,815069.1875,65,0.0,0.0,13.3,58.7
144.48095107078552,0.2,2279.03125,815069.1875,65,0.0,0.0,11.4,58.7
144.99523496627808,0.0,2279.03125,815069.1875,65,0.0,0.0,10.3,58.7
145.5084307193756,0.0,2279.03125,815069.1875,65,0.0,0.0,17.0,58.7
146.01966905593872,0.0,2279.03125,815069.1875,65,0.0,0.0,15.6,58.7
146.5339231491089,0.0,2279.03125,815069.1875,65,0.0,0.0,11.3,58.7
147.04822874069214,0.0,2279.03125,815069.1875,65,0.0,0.0,12.7,58.7
147.56249284744263,0.0,2279.03125,815069.1875,65,0.0,0.0,10.9,58.7
148.07663989067078,0.0,2279.03125,815069.1875,65,0.0,0.0,10.9,58.7
148.5907530784607,0.3,2279.078125,815069.1875,65,0.0,0.0,12.1,58.7
149.1012008190155,0.0,2279.078125,815069.1875,65,0.0,0.0,11.1,58.7
149.61125206947327,0.0,2279.078125,815069.1875,65,0.0,0.0,12.4,58.7
150.1237349510193,0.0,2279.078125,815069.1875,65,0.0,0.0,11.2,58.7
150.63808679580688,0.0,2279.078125,815069.1875,65,0.0,0.0,11.8,58.7
151.15235996246338,0.0,2279.078125,815069.1875,65,0.0,0.0,12.3,58.7
151.666659116745,0.0,2279.078125,815069.1875,65,0.0,0.0,13.8,58.8
152.18082880973816,0.1,2279.078125,815069.1875,65,0.0,0.0,13.2,58.8
152.69493293762207,0.0,2279.078125,815069.1875,65,0.0,0.0,18.1,58.8
153.20463395118713,0.0,2279.078125,815069.1875,65,0.0,0.0,12.2,58.8
153.70966601371765,0.0,2279.078125,815069.1875,65,0.0,0.0,10.5,58.7
154.22394800186157,0.0,2279.078125,815069.1875,65,0.0,0.0,11.7,58.7
154.73819589614868,0.0,2279.078125,815069.1875,65,0.0,0.0,11.3,58.7
155.25242710113525,0.0,2279.078125,815069.1875,65,0.0,0.0,12.1,58.8
155.76666903495789,0.1,2279.109375,815069.1875,65,0.0,0.0,10.7,58.8
156.2784640789032,0.0,2279.109375,815069.1875,65,0.0,0.0,11.1,58.8
156.79102110862732,0.0,2279.109375,815069.1875,65,0.0,0.0,10.6,58.8
157.30527997016907,0.0,2279.109375,815069.1875,65,0.0,0.0,17.3,58.8
157.81731510162354,0.0,2279.109375,815069.1875,65,0.0,0.0,11.3,58.8
158.32732796669006,0.0,2279.109375,815069.1875,65,0.0,0.0,11.0,58.8
158.8414328098297,0.0,2279.109375,815069.1875,65,0.0,0.0,12.1,58.7
159.35555982589722,0.1,2279.125,815069.1875,65,0.0,0.0,10.7,58.7
159.8644721508026,0.0,2279.125,815069.1875,65,0.0,0.0,19.0,58.7
160.3787739276886,0.0,2279.125,815069.1875,65,0.0,0.0,10.5,58.7
160.8931119441986,0.0,2279.125,815069.1875,65,0.0,0.0,13.2,58.7
161.4119758605957,0.0,2279.125,815069.1875,65,0.0,0.0,13.1,58.7
161.92452692985535,0.0,2279.125,815069.1875,65,0.0,0.0,10.9,58.7
162.43667674064636,0.0,2279.125,815069.1875,65,0.0,0.0,11.0,58.7
162.94988489151,0.1,2279.125,815069.1875,65,0.0,0.0,15.3,58.7
163.46398186683655,0.0,2279.125,815069.1875,65,0.0,0.0,10.7,58.7
163.96929383277893,0.0,2279.125,815069.1875,65,0.0,0.0,10.7,58.7
164.48366284370422,0.0,2279.125,815069.1875,65,0.0,0.0,14.2,58.7
164.98862886428833,0.0,2279.125,815069.1875,65,0.0,0.0,12.5,58.7
165.5029079914093,0.0,2279.125,815069.1875,65,0.0,0.0,10.7,58.7
166.0168309211731,0.0,2279.125,815069.1875,65,0.0,0.0,14.7,58.7
166.52829003334045,0.2,2279.171875,815069.1875,65,0.0,0.0,13.8,58.8
167.04259991645813,0.0,2279.171875,815069.1875,65,0.0,0.0,15.7,58.8
167.55693697929382,0.0,2279.171875,815069.1875,65,0.0,0.0,13.7,58.8
168.07124996185303,0.0,2279.171875,815069.1875,65,0.0,0.0,10.7,58.7
168.5855450630188,0.0,2279.171875,815069.1875,65,0.0,0.0,10.6,58.8
169.09982109069824,0.0,2279.171875,815069.1875,65,0.0,0.0,11.9,58.8
169.61039280891418,0.0,2279.171875,815069.1875,65,0.0,0.0,11.0,58.8
170.1204149723053,0.0,2279.171875,815069.1875,65,0.0,0.0,13.8,58.8
170.6280961036682,1.3,277.875,815011.15625,56,0.0,0.0,20.8,58.8
171.14225697517395,0.0,467.34375,815040.578125,65,0.0,0.0,16.9,53.1
171.65169596672058,0.0,581.390625,815057.578125,65,0.0,0.0,20.7,53.6
172.1593747138977,0.0,905.0625,815068.578125,65,0.0,0.0,17.8,55.2
172.6736991405487,0.2,907.671875,815068.6875,65,0.0,0.0,18.0,55.1
173.18800902366638,0.0,908.28125,815068.6875,65,0.0,0.0,16.1,55.1
173.7017478942871,0.0,1075.25,815068.6875,65,0.0,0.0,23.6,55.7
174.21593499183655,0.0,1075.5625,815068.6875,65,0.0,0.0,20.8,55.6
174.7253680229187,0.0,1075.953125,815068.6875,65,0.0,0.0,16.2,55.6
175.23621606826782,0.0,1084.09375,815068.6875,65,0.0,0.0,14.1,55.7
175.7503800392151,0.0,807.40625,815070.1875,65,0.0,0.0,22.6,54.6
176.26734900474548,0.0,1070.984375,815070.1875,65,0.0,0.0,14.5,55.8
176.78153896331787,0.1,1096.53125,815070.1875,65,0.0,0.0,16.2,55.9
177.29563999176025,0.0,1099.03125,815070.1875,65,0.0,0.0,13.9,55.9
177.80980515480042,0.0,1099.140625,815070.1875,65,0.0,0.0,17.1,55.9
178.31885385513306,0.0,1099.15625,815070.1875,65,0.0,0.0,17.9,55.9
178.82453608512878,0.0,1099.15625,815070.1875,65,0.0,0.0,14.0,56.0
179.33883500099182,0.0,1106.953125,815070.1875,65,0.0,0.0,16.0,56.0
179.8531777858734,0.0,1364.703125,815070.1875,65,0.0,0.0,19.3,57.1
180.3673129081726,0.1,1688.640625,815071.1875,65,0.0,0.0,12.5,58.6
180.8796739578247,0.0,2032.5,815071.1875,65,0.0,0.0,20.1,60.1
181.39374494552612,0.0,2301.40625,815071.1875,65,0.0,0.0,11.3,61.1
181.90786409378052,0.0,2301.71875,815071.1875,65,0.0,0.0,18.0,61.1
182.41671180725098,0.0,2302.78125,815071.1875,65,0.0,0.0,11.2,61.1
182.93085193634033,0.0,2302.84375,815071.1875,65,0.0,0.0,14.4,61.1
183.44515895843506,0.0,2302.84375,815071.1875,65,0.0,0.0,11.9,61.0
183.95943593978882,0.0,2302.84375,815071.1875,65,0.0,0.0,10.9,61.0
184.4737138748169,0.6,2303.015625,815071.1875,65,0.0,0.0,11.6,61.0
184.98782801628113,0.0,2303.015625,815071.1875,65,0.0,0.0,12.5,61.0
185.4947338104248,0.0,2303.015625,815071.1875,65,0.0,0.0,10.9,61.0
186.00313186645508,0.0,2303.015625,815071.1875,65,0.0,0.0,10.3,61.0
186.517324924469,0.0,2303.015625,815071.1875,65,0.0,0.0,12.6,61.0
187.03143882751465,0.0,2303.015625,815071.1875,65,0.0,0.0,10.4,61.0
187.54557180404663,0.0,2303.015625,815071.1875,65,0.0,0.0,15.3,60.9
188.05873370170593,0.2,2303.03125,815071.1875,65,0.0,0.0,17.2,60.9
188.57205986976624,0.0,2303.03125,815071.1875,65,0.0,0.0,11.8,60.7
189.08613991737366,0.0,2303.03125,815071.1875,65,0.0,0.0,10.9,60.7
189.6003270149231,0.0,2303.03125,815071.1875,65,0.0,0.0,10.5,60.7
190.11443901062012,0.0,2303.046875,815071.1875,65,0.0,0.0,11.9,60.7
190.62858080863953,0.0,2303.046875,815071.1875,65,0.0,0.0,11.2,60.7
191.14270496368408,0.0,2303.046875,815071.1875,65,0.0,0.0,11.5,60.7
191.65682411193848,0.2,2303.0625,815071.1875,65,0.0,0.0,11.1,60.7
192.1709110736847,0.0,2303.0625,815071.1875,65,0.0,0.0,10.9,60.7
192.67822098731995,0.0,2303.0625,815071.1875,65,0.0,0.0,11.4,60.7
193.19257974624634,0.0,2303.0625,815071.1875,65,0.0,0.0,10.7,60.7
193.70671582221985,0.0,2303.0625,815071.1875,65,0.0,0.0,10.8,60.8
194.22085881233215,0.0,2303.0625,815071.1875,65,0.0,0.0,11.4,60.7
194.73497700691223,0.0,2303.0625,815071.1875,65,0.0,0.0,16.7,60.8
195.24936985969543,0.1,2303.078125,815071.1875,65,0.0,0.0,19.5,59.0
195.76346588134766,0.0,2303.078125,815071.1875,65,0.0,0.0,10.3,58.9
196.27758479118347,0.0,2303.078125,815071.1875,65,0.0,0.0,11.7,58.9
196.79039216041565,0.0,2303.078125,815071.1875,65,0.0,0.0,10.4,58.9
197.30473279953003,0.0,2303.078125,815071.1875,65,0.0,0.0,11.8,58.9
197.81886792182922,0.0,2303.078125,815071.1875,65,0.0,0.0,10.9,58.9
198.32556295394897,0.0,2303.078125,815071.1875,65,0.0,0.0,10.6,58.9
198.83987188339233,0.1,2303.1875,815071.1875,65,0.0,0.0,11.8,58.9
199.34533500671387,0.0,2303.1875,815071.1875,65,0.0,0.0,10.4,58.9
199.85944199562073,0.0,2303.1875,815071.1875,65,0.0,0.0,10.9,58.9
200.36932492256165,0.0,2303.1875,815071.1875,65,0.0,0.0,11.8,58.9
200.8835859298706,0.0,2303.203125,815071.1875,65,0.0,0.0,10.5,58.9
201.39785194396973,0.0,2303.203125,815071.1875,65,0.0,0.0,11.3,58.9
201.91209077835083,0.0,2303.203125,815071.1875,65,0.0,0.0,19.3,58.9
202.42492604255676,0.0,2303.203125,815071.1875,65,0.0,0.0,11.2,58.9
202.9390778541565,0.1,2303.28125,815071.1875,65,0.0,0.0,12.5,58.9
203.45337295532227,0.0,2303.28125,815071.1875,65,0.0,0.0,10.3,58.9
203.96744298934937,0.0,2303.28125,815071.1875,65,0.0,0.0,12.6,58.9
204.47494792938232,0.0,2303.28125,815071.1875,65,0.0,0.0,10.7,58.9
204.98290395736694,0.0,2303.28125,815071.1875,65,0.0,0.0,11.0,58.8
205.49162697792053,0.0,2303.28125,815071.1875,65,0.0,0.0,11.0,58.9
206.00571393966675,0.0,2303.28125,815071.1875,65,0.0,0.0,10.7,58.9
206.51979398727417,0.1,2303.296875,815071.1875,65,0.0,0.0,15.8,58.9
207.03386402130127,0.0,2303.296875,815071.1875,65,0.0,0.0,10.5,58.9
207.54792714118958,0.0,2303.296875,815071.1875,65,0.0,0.0,11.7,58.9
208.06205701828003,0.0,2303.296875,815071.1875,65,0.0,0.0,14.9,58.9
208.5715479850769,0.0,2303.296875,815071.1875,65,0.0,0.0,13.1,58.9
209.0859010219574,0.0,2303.296875,815071.1875,65,0.0,0.0,16.8,58.9
209.60019087791443,0.0,2303.296875,815071.1875,65,0.0,0.0,14.6,58.9
210.10565781593323,0.1,2303.296875,815071.1875,65,0.0,0.0,12.3,58.9
210.61974501609802,0.0,2303.296875,815071.1875,65,0.0,0.0,10.9,58.9
211.1326940059662,0.0,2303.296875,815071.1875,65,0.0,0.0,14.9,58.8
211.6469759941101,0.0,2303.296875,815071.1875,65,0.0,0.0,11.2,58.8
212.16125893592834,0.0,2303.296875,815071.1875,65,0.0,0.0,10.9,58.9
212.67128086090088,0.0,2303.3125,815071.1875,65,0.0,0.0,13.6,58.9
213.17676091194153,0.0,2303.3125,815071.1875,65,0.0,0.0,11.1,58.9
213.68606686592102,0.7,2303.59375,815071.1875,65,0.0,0.0,11.3,58.9
214.198303937912,0.0,2303.59375,815071.1875,65,0.0,0.0,10.6,58.9
214.70742893218994,0.0,2303.59375,815071.1875,65,0.0,0.0,13.6,58.9
215.2215371131897,0.0,2303.59375,815071.1875,65,0.0,0.0,12.2,59.0
215.72624802589417,0.0,2303.59375,815071.1875,65,0.0,0.0,16.6,59.0
216.24057793617249,0.0,2303.59375,815071.1875,65,0.0,0.0,16.7,59.0
216.7548758983612,0.0,2303.59375,815071.1875,65,0.0,0.0,11.0,59.0
217.26919507980347,0.1,2303.609375,815071.1875,65,0.0,0.0,10.8,59.0
217.7835500240326,0.0,2303.609375,815071.1875,65,0.0,0.0,13.8,58.9
218.29779291152954,0.0,2303.609375,815071.1875,65,0.0,0.0,11.3,58.9
218.81204509735107,0.0,2303.609375,815071.1875,65,0.0,0.0,11.9,58.9
219.32631087303162,0.0,2303.609375,815071.1875,65,0.0,0.0,10.9,58.9
219.83858108520508,0.0,2303.609375,815071.1875,65,0.0,0.0,12.4,58.9
220.35292387008667,0.0,2303.609375,815071.1875,65,0.0,0.0,11.5,59.0
220.86719489097595,0.0,2303.609375,815071.1875,65,0.0,0.0,11.5,59.0
221.38147401809692,0.1,2303.609375,815071.1875,65,0.0,0.0,11.5,59.0
221.895751953125,0.0,2303.609375,815071.1875,65,0.0,0.0,10.4,59.0
222.4100260734558,0.0,2303.609375,815071.1875,65,0.0,0.0,11.2,59.0
222.9148609638214,0.0,2303.609375,815071.1875,65,0.0,0.0,19.3,58.9
223.41965079307556,0.0,2303.609375,815071.1875,65,0.0,0.0,12.0,58.9
223.93397998809814,0.0,2303.609375,815071.1875,65,0.0,0.0,10.2,58.9
224.44370579719543,0.0,2303.609375,815071.1875,65,0.0,0.0,10.8,58.9
224.95781779289246,0.2,2303.640625,815071.1875,65,0.0,0.0,11.8,58.9
225.46992588043213,0.0,2303.640625,815071.1875,65,0.0,0.0,11.8,58.9
225.98402404785156,0.0,2303.640625,815071.1875,65,0.0,0.0,11.2,58.9
226.48989295959473,0.0,2303.640625,815071.1875,65,0.0,0.0,12.1,58.9
226.99851083755493,0.0,2303.640625,815071.1875,65,0.0,0.0,11.1,58.9
227.51258182525635,0.0,2303.640625,815071.1875,65,0.0,0.0,10.6,58.9
228.02665090560913,0.0,2303.640625,815071.1875,65,0.0,0.0,11.4,58.9
228.5379569530487,0.1,2303.65625,815071.1875,65,0.0,0.0,10.7,58.9
229.05224609375,0.0,2303.65625,815071.1875,65,0.0,0.0,10.7,58.9
229.56665802001953,0.0,2303.65625,815071.1875,65,0.0,0.0,11.7,58.9
230.08081579208374,0.0,2303.65625,815071.1875,65,0.0,0.0,20.2,58.9
230.58802580833435,0.0,2303.65625,815071.1875,65,0.0,0.0,11.1,58.9
231.10239100456238,0.0,2303.65625,815071.1875,65,0.0,0.0,10.5,58.9
231.60732698440552,0.0,2303.65625,815071.1875,65,0.0,0.0,11.1,58.9
232.11276078224182,0.2,2303.6875,815071.1875,65,0.0,0.0,10.3,58.9
232.62703394889832,0.0,2303.6875,815071.1875,65,0.0,0.0,11.5,58.9
233.13790798187256,0.0,2303.6875,815071.1875,65,0.0,0.0,17.2,59.0
233.65200686454773,0.0,2303.6875,815071.1875,65,0.0,0.0,11.5,59.0
234.16608095169067,0.0,2303.6875,815071.1875,65,0.0,0.0,11.7,59.0
234.67531180381775,0.0,2303.6875,815071.1875,65,0.0,0.0,11.0,58.9
235.18934392929077,0.0,2303.6875,815071.1875,65,0.0,0.0,10.7,58.9
235.69717979431152,0.1,2303.71875,815071.1875,65,0.0,0.0,10.3,58.9
236.21125197410583,0.0,2303.71875,815071.1875,65,0.0,0.0,11.4,58.9
236.72236800193787,0.0,2303.71875,815071.1875,65,0.0,0.0,14.5,58.9
237.23676013946533,0.0,2303.71875,815071.1875,65,0.0,0.0,15.4,58.9
237.74736380577087,0.0,2303.71875,815071.1875,65,0.0,0.0,11.0,58.9
238.26148509979248,0.0,2303.71875,815071.1875,65,0.0,0.0,10.0,58.9
238.77411580085754,0.0,2303.71875,815071.1875,65,0.0,0.0,11.8,58.9
239.28845286369324,0.0,2303.71875,815071.1875,65,0.0,0.0,15.0,58.9
239.79948902130127,0.1,2304.515625,815071.1875,65,0.0,0.0,11.1,58.9
240.31207489967346,0.0,2304.515625,815071.1875,65,0.0,0.0,10.9,58.9
240.82638096809387,0.0,2304.515625,815071.1875,65,0.0,0.0,11.7,58.9
241.34050583839417,0.0,2304.515625,815071.1875,65,0.0,0.0,16.0,58.9
241.8522469997406,0.0,2304.515625,815071.1875,65,0.0,0.0,11.4,58.9
242.36534881591797,0.0,2304.515625,815071.1875,65,0.0,0.0,11.1,59.0
242.87946796417236,0.0,2304.515625,815071.1875,65,0.0,0.0,14.3,59.0
243.38398790359497,4.3,291.65625,815140.15625,56,0.0,0.0,21.9,59.0
243.89815187454224,0.0,403.625,815180.484375,63,0.0,0.0,24.1,52.8
244.40628576278687,0.0,694.34375,815184.578125,65,0.0,0.0,16.3,54.1
244.92063212394714,0.0,767.359375,815184.578125,65,0.0,0.0,13.7,54.4
245.43493795394897,0.0,770.046875,815184.578125,65,0.0,0.0,11.0,54.4
245.9444978237152,0.3,770.5,815184.6875,65,0.0,0.0,12.5,54.4
246.458637714386,0.0,770.5,815184.6875,65,0.0,0.0,11.9,54.4
246.96901202201843,0.0,770.53125,815184.6875,65,0.0,0.0,12.4,54.4
247.48316073417664,0.0,770.53125,815184.6875,65,0.0,0.0,12.0,54.4
247.9879810810089,0.0,770.53125,815184.6875,65,0.0,0.0,12.2,54.3
248.50204992294312,0.1,770.578125,815184.140625,64,0.0,0.0,13.4,54.3
249.0114459991455,0.0,770.609375,815184.140625,64,0.0,0.0,11.8,54.2
249.52578783035278,0.0,770.625,815184.140625,64,0.0,0.0,13.0,54.0
250.0364007949829,0.0,770.703125,815184.140625,64,0.0,0.0,13.0,54.0
250.55046200752258,0.0,770.78125,815184.140625,64,0.0,0.0,13.6,54.0
251.06241488456726,0.1,589.609375,815186.1875,65,0.0,0.0,23.8,53.3
251.576721906662,0.0,671.484375,815186.1875,65,0.0,0.0,15.1,53.7
252.09095692634583,0.0,1003.234375,815186.1875,65,0.0,0.0,10.9,55.2
252.60519099235535,0.0,1129.046875,815186.1875,65,0.0,0.0,12.9,55.8
253.11944198608398,0.0,1129.046875,815186.1875,65,0.0,0.0,12.5,55.8
253.63365602493286,0.1,1129.0625,815186.1875,65,0.0,0.0,11.1,55.8
254.14495992660522,0.0,1129.0625,815186.1875,65,0.0,0.0,12.1,55.8
254.65906405448914,0.0,1129.078125,815186.1875,65,0.0,0.0,12.0,55.7
255.1634168624878,0.0,1129.078125,815186.1875,65,0.0,0.0,10.5,55.7
255.67453694343567,0.1,1129.09375,815186.1875,65,0.0,0.0,13.3,55.7
256.18859910964966,0.0,1129.09375,815186.1875,65,0.0,0.0,12.4,55.6
256.69939398765564,0.0,1129.09375,815186.1875,65,0.0,0.0,11.2,55.5
257.20893383026123,0.0,1129.09375,815186.1875,65,0.0,0.0,11.2,55.5
257.7143177986145,0.0,1129.109375,815186.1875,65,0.0,0.0,14.1,55.5
258.22846007347107,0.2,1129.15625,815186.1875,65,0.0,0.0,16.5,55.5
258.7425470352173,0.0,1129.15625,815186.1875,65,0.0,0.0,12.4,55.5
259.24946308135986,0.0,1129.15625,815186.1875,65,0.0,0.0,12.3,55.4
259.7635178565979,0.0,1129.15625,815186.1875,65,0.0,0.0,10.6,55.4
260.2756407260895,0.0,1129.15625,815186.1875,65,0.0,0.0,12.8,55.3
260.7824068069458,0.2,1129.1875,815186.1875,65,0.0,0.0,10.7,55.3
261.2890167236328,0.0,1129.1875,815186.1875,65,0.0,0.0,11.9,55.3
261.8031270503998,0.0,1129.1875,815186.1875,65,0.0,0.0,12.1,55.3
262.3172070980072,0.0,1129.1875,815186.1875,65,0.0,0.0,10.9,55.3
262.82566595077515,0.0,1129.1875,815186.1875,65,0.0,0.0,13.8,55.2
263.3397319316864,0.1,1129.203125,815186.1875,65,0.0,0.0,12.9,55.1
263.85360884666443,0.0,1129.203125,815186.1875,65,0.0,0.0,11.7,55.1
264.35873579978943,0.0,1129.203125,815186.1875,65,0.0,0.0,11.5,55.0
264.8726489543915,0.0,1129.203125,815186.1875,65,0.0,0.0,19.5,55.0
265.38698506355286,0.0,1129.203125,815186.1875,65,0.0,0.0,13.6,55.0
265.9012448787689,0.5,1129.296875,815186.1875,65,0.0,0.0,11.7,55.0
266.41535902023315,0.0,1129.296875,815186.1875,65,0.0,0.0,11.4,55.1
266.9194459915161,0.0,1129.296875,815186.1875,65,0.0,0.0,10.7,55.1
267.42447686195374,0.0,1129.296875,815186.1875,65,0.0,0.0,19.2,55.1
267.9385600090027,0.2,1129.296875,815186.1875,65,0.0,0.0,18.9,55.1
268.4526369571686,0.0,1129.296875,815186.1875,65,0.0,0.0,10.9,55.1
268.9667248725891,0.0,1129.296875,815186.1875,65,0.0,0.0,12.7,55.1
269.4711139202118,0.0,1129.296875,815186.1875,65,0.0,0.0,11.7,55.1
269.9852249622345,0.0,1129.296875,815186.1875,65,0.0,0.0,10.5,55.1
270.4993369579315,0.2,1129.328125,815186.1875,65,0.0,0.0,11.6,55.1
271.0110719203949,0.0,1129.328125,815186.1875,65,0.0,0.0,17.6,55.1
271.5161018371582,0.0,1129.328125,815186.1875,65,0.0,0.0,13.1,55.1
272.02901673316956,0.0,1129.328125,815186.1875,65,0.0,0.0,18.8,55.1
272.54316687583923,0.0,1129.328125,815186.1875,65,0.0,0.0,11.5,55.0
273.05725383758545,0.1,1129.34375,815186.1875,65,0.0,0.0,11.2,55.1
273.5711119174957,0.0,1129.34375,815186.1875,65,0.0,0.0,14.6,55.2
274.07923674583435,0.0,1129.34375,815186.1875,65,0.0,0.0,12.8,55.2
274.5916349887848,0.0,1129.34375,815186.1875,65,0.0,0.0,11.3,55.2
275.1030647754669,0.0,1129.34375,815186.1875,65,0.0,0.0,10.8,55.2
275.6173439025879,0.2,1129.359375,815186.1875,65,0.0,0.0,12.2,55.1
276.12327098846436,0.0,1129.359375,815186.1875,65,0.0,0.0,10.3,55.1
276.63236570358276,0.0,1129.359375,815186.1875,65,0.0,0.0,11.8,55.1
277.14662289619446,0.0,1129.359375,815186.1875,65,0.0,0.0,12.4,55.1
277.6608638763428,0.0,1129.359375,815186.1875,65,0.0,0.0,10.9,55.1
278.17508578300476,0.1,1129.390625,815186.1875,65,0.0,0.0,10.8,55.1
278.6816098690033,0.0,1129.390625,815186.1875,65,0.0,0.0,15.2,55.1
279.1959171295166,0.0,1129.390625,815186.1875,65,0.0,0.0,20.0,55.1
279.7100360393524,0.0,1129.390625,815186.1875,65,0.0,0.0,12.7,55.1
280.2241139411926,0.6,1130.25,815186.1875,65,0.0,0.0,12.5,55.2
280.7337019443512,0.0,1130.25,815186.1875,65,0.0,0.0,11.0,55.2
281.24774408340454,0.0,1130.25,815186.1875,65,0.0,0.0,11.3,55.2
281.76182103157043,0.0,1130.265625,815186.1875,65,0.0,0.0,12.1,55.1
282.27589201927185,0.0,1130.28125,815186.1875,65,0.0,0.0,11.1,55.1
282.7900049686432,0.1,1130.28125,815186.1875,65,0.0,0.0,13.0,55.1
283.304114818573,0.0,1130.28125,815186.1875,65,0.0,0.0,12.1,55.1
283.8164279460907,0.0,1130.28125,815186.1875,65,0.0,0.0,10.4,55.1
284.3305299282074,0.0,1130.28125,815186.1875,65,0.0,0.0,11.3,55.1
284.84461188316345,0.0,1130.28125,815186.1875,65,0.0,0.0,11.7,55.1
285.3586497306824,0.1,1130.3125,815186.1875,65,0.0,0.0,10.9,55.0
285.870237827301,0.0,1130.3125,815186.1875,65,0.0,0.0,17.1,55.1
286.3829367160797,0.0,1130.3125,815186.1875,65,0.0,0.0,15.5,55.1
286.8956379890442,0.0,1130.3125,815186.1875,65,0.0,0.0,10.5,55.1
287.4097149372101,0.0,1130.3125,815186.1875,65,0.0,0.0,11.6,55.1
287.91932487487793,0.2,1130.34375,815186.1875,65,0.0,0.0,12.1,55.1
288.42807388305664,0.0,1130.34375,815186.1875,65,0.0,0.0,10.5,55.1
288.9360568523407,0.0,1130.34375,815186.1875,65,0.0,0.0,11.9,55.1
289.45034980773926,0.0,1130.34375,815186.1875,65,0.0,0.0,11.1,55.0
289.9645698070526,0.1,1130.359375,815186.1875,65,0.0,0.0,11.3,55.1
290.47877192497253,0.0,1130.359375,815186.1875,65,0.0,0.0,13.2,55.0
290.99097299575806,0.0,1130.359375,815186.1875,65,0.0,0.0,11.7,55.0
291.49563694000244,0.0,1130.359375,815186.1875,65,0.0,0.0,10.4,55.0
292.00035095214844,0.0,1130.359375,815186.1875,65,0.0,0.0,12.3,55.1
292.5144157409668,1.6,176.703125,814884.15625,56,0.0,0.0,16.7,55.1
293.0210130214691,0.0,379.859375,814902.53125,64,0.0,0.0,24.2,52.8
293.5351848602295,0.0,562.5625,814908.484375,63,0.0,0.0,18.8,53.5
294.0455379486084,0.0,718.203125,814920.578125,65,0.0,0.0,13.4,54.0
294.5596327781677,0.0,754.578125,814928.578125,65,0.0,0.0,14.1,54.2
295.07371187210083,0.6,754.953125,814928.6875,65,0.0,0.0,12.8,54.1
295.5877640247345,0.0,754.953125,814928.6875,65,0.0,0.0,11.8,54.1
296.10189390182495,0.0,754.953125,814928.6875,65,0.0,0.0,11.1,54.1
296.6160008907318,0.0,754.984375,814928.6875,65,0.0,0.0,12.9,54.1
297.1301109790802,0.0,755.03125,814928.6875,65,0.0,0.0,13.0,54.1
297.63615584373474,0.1,755.15625,814928.6875,65,0.0,0.0,13.3,54.0
298.1504588127136,0.0,755.203125,814928.140625,64,0.0,0.0,12.8,54.0
298.6571431159973,0.0,755.234375,814928.140625,64,0.0,0.0,12.8,54.0
299.1686749458313,0.0,755.3125,814928.140625,64,0.0,0.0,12.4,54.0
299.6829698085785,0.0,514.875,814930.1875,65,0.0,0.0,16.9,53.2
300.19169306755066,0.1,515.625,814930.1875,65,0.0,0.0,22.6,53.3
300.70576214790344,0.0,827.3125,814930.1875,65,0.0,0.0,11.9,54.8
301.21985387802124,0.0,966.5625,814930.1875,65,0.0,0.0,12.7,55.4
301.724328994751,0.0,1006.421875,814930.1875,65,0.0,0.0,13.0,55.3
302.22957277297974,0.0,1006.4375,814930.1875,65,0.0,0.0,10.5,55.3
302.7436738014221,0.2,1008.4375,814930.1875,65,0.0,0.0,12.1,55.4
303.2503938674927,0.0,1008.578125,814930.1875,65,0.0,0.0,12.6,55.4
303.764652967453,0.0,1008.578125,814930.1875,65,0.0,0.0,11.6,55.4
304.27879786491394,0.0,1008.578125,814930.1875,65,0.0,0.0,11.8,55.4
304.79289078712463,0.0,1008.578125,814930.1875,65,0.0,0.0,11.2,55.4
305.2974269390106,0.1,1008.578125,814930.1875,65,0.0,0.0,11.3,55.4
305.8097069263458,0.0,1008.578125,814930.1875,65,0.0,0.0,12.1,55.4
306.3146970272064,0.0,1008.578125,814930.1875,65,0.0,0.0,12.1,55.4
306.8287627696991,0.0,1008.578125,814930.1875,65,0.0,0.0,14.6,55.3
307.33911776542664,0.0,1008.578125,814930.1875,65,0.0,0.0,17.1,55.2
307.85319781303406,0.1,1008.609375,814930.1875,65,0.0,0.0,11.0,55.2
308.3623049259186,0.0,1008.609375,814930.1875,65,0.0,0.0,12.8,55.2
308.86926102638245,0.0,1008.625,814930.1875,65,0.0,0.0,18.4,54.9
309.3734600543976,0.0,1008.625,814930.1875,65,0.0,0.0,12.0,54.9
309.8875708580017,0.0,1008.625,814930.1875,65,0.0,0.0,12.1,54.9
310.4016377925873,0.1,1008.640625,814930.1875,65,0.0,0.0,10.9,54.9
310.9157350063324,0.0,1008.640625,814930.1875,65,0.0,0.0,12.1,54.9
311.429851770401,0.0,1008.640625,814930.1875,65,0.0,0.0,11.4,54.9
311.94391775131226,0.0,1008.640625,814930.1875,65,0.0,0.0,12.5,54.9
312.4580419063568,0.1,1008.640625,814930.1875,65,0.0,0.0,11.5,54.9
312.9720959663391,0.0,1008.640625,814930.1875,65,0.0,0.0,11.8,54.9
313.4861466884613,0.0,1008.640625,814930.1875,65,0.0,0.0,10.7,54.9
314.00017189979553,0.0,1008.640625,814930.1875,65,0.0,0.0,18.1,54.9
314.51430082321167,0.0,1008.640625,814930.1875,65,0.0,0.0,14.7,54.9
315.0263178348541,0.1,1008.71875,814930.1875,65,0.0,0.0,12.5,54.9
315.53889203071594,0.0,1008.734375,814930.1875,65,0.0,0.0,11.9,54.9
316.05300402641296,0.0,1008.734375,814930.1875,65,0.0,0.0,11.8,54.9
316.5670509338379,0.0,1008.75,814930.1875,65,0.0,0.0,13.4,54.9
317.0744819641113,0.0,1008.75,814930.1875,65,0.0,0.0,12.3,54.9
317.58875489234924,0.2,1008.75,814930.1875,65,0.0,0.0,11.7,54.9
318.10299491882324,0.0,1008.75,814930.1875,65,0.0,0.0,12.1,54.9
318.61720085144043,0.0,1008.75,814930.1875,65,0.0,0.0,12.9,54.9
319.13142704963684,0.0,1008.75,814930.1875,65,0.0,0.0,11.5,54.9
319.64563488960266,0.0,1008.75,814930.1875,65,0.0,0.0,10.7,54.9
320.15989089012146,0.5,1008.890625,814930.1875,65,0.0,0.0,13.8,54.9
320.67414712905884,0.0,1008.890625,814930.1875,65,0.0,0.0,11.7,54.9
321.18836879730225,0.0,1008.890625,814930.1875,65,0.0,0.0,21.1,54.9
321.6993978023529,0.0,1008.890625,814930.1875,65,0.0,0.0,11.7,54.9
322.21350288391113,0.0,1008.890625,814930.1875,65,0.0,0.0,12.3,54.9
322.7276108264923,0.3,1008.90625,814930.1875,65,0.0,0.0,10.9,54.9
323.2336368560791,0.0,1008.90625,814930.1875,65,0.0,0.0,12.6,54.9
323.74796891212463,0.0,1008.90625,814930.1875,65,0.0,0.0,13.3,54.9
324.2620499134064,0.0,1008.90625,814930.1875,65,0.0,0.0,12.6,54.9
324.7759540081024,0.0,1008.90625,814930.1875,65,0.0,0.0,11.7,54.9
325.2803337574005,0.1,1008.90625,814930.1875,65,0.0,0.0,10.9,54.9
325.7944440841675,0.0,1008.90625,814930.1875,65,0.0,0.0,26.5,54.9
326.30854892730713,0.0,1008.90625,814930.1875,65,0.0,0.0,12.1,54.9
326.8134069442749,0.0,1008.90625,814930.1875,65,0.0,0.0,11.9,54.9
327.3183739185333,0.0,1008.90625,814930.1875,65,0.0,0.0,11.9,54.9
327.83248686790466,0.1,1008.921875,814930.1875,65,0.0,0.0,14.3,54.9
328.3457989692688,0.0,1008.921875,814930.1875,65,0.0,0.0,17.0,54.9
328.85984897613525,0.0,1008.921875,814930.1875,65,0.0,0.0,11.9,54.9
329.37395691871643,0.0,1008.921875,814930.1875,65,0.0,0.0,11.5,54.9
329.88801884651184,0.1,1008.9375,814930.1875,65,0.0,0.0,12.3,54.9
330.4020948410034,0.0,1008.9375,814930.1875,65,0.0,0.0,11.7,54.8
330.9161968231201,0.0,1008.9375,814930.1875,65,0.0,0.0,12.7,54.9
331.42905712127686,0.0,1008.9375,814930.1875,65,0.0,0.0,13.0,54.9
331.93593883514404,0.0,1008.9375,814930.1875,65,0.0,0.0,12.0,54.9
332.4502658843994,0.1,1008.953125,814930.1875,65,0.0,0.0,12.9,54.9
332.96447801589966,0.0,1008.953125,814930.1875,65,0.0,0.0,11.7,54.9
333.4787290096283,0.0,1008.953125,814930.1875,65,0.0,0.0,11.7,54.9
333.9929549694061,0.0,1008.96875,814930.1875,65,0.0,0.0,12.1,54.9
334.507444858551,0.0,1008.96875,814930.1875,65,0.0,0.0,10.9,54.9
335.0190017223358,0.1,1008.984375,814930.1875,65,0.0,0.0,18.6,54.9
335.52898693084717,0.0,1009.0,814930.1875,65,0.0,0.0,15.2,54.9
336.04306292533875,0.0,1009.0,814930.1875,65,0.0,0.0,11.7,54.9
336.5560131072998,0.0,1009.0,814930.1875,65,0.0,0.0,11.9,54.9
337.060546875,0.0,1009.0,814930.1875,65,0.0,0.0,10.9,54.9
337.5731520652771,0.1,1009.015625,814930.1875,65,0.0,0.0,11.7,54.9
338.08622908592224,0.0,1009.015625,814930.1875,65,0.0,0.0,12.1,54.9
338.60048484802246,0.0,1009.015625,814930.1875,65,0.0,0.0,13.2,54.9
339.1147110462189,0.0,1009.015625,814930.1875,65,0.0,0.0,14.3,54.9
339.6287479400635,0.0,1009.015625,814930.1875,65,0.0,0.0,12.3,54.9
340.1398968696594,0.6,1009.078125,814930.1875,65,0.0,0.0,10.6,54.9
340.65412187576294,0.0,1009.078125,814930.1875,65,0.0,0.0,12.8,54.9
341.16414999961853,0.0,1009.078125,814930.1875,65,0.0,0.0,11.6,54.9
341.6782319545746,0.0,1009.078125,814930.1875,65,0.0,0.0,11.7,54.9
342.19229006767273,0.0,1009.078125,814930.1875,65,0.0,0.0,20.3,54.9
342.70001006126404,2.9,325.953125,814942.671875,67,0.0,0.0,20.9,54.9
343.21425199508667,0.0,487.25,814956.953125,73,0.0,0.0,18.0,53.4
343.7283127307892,0.0,690.4375,814973.953125,73,0.0,0.0,20.4,54.3
344.24264192581177,0.0,692.578125,814974.953125,73,0.0,0.0,17.9,54.3
344.75681471824646,0.1,1001.140625,814975.0625,73,0.0,0.0,18.2,54.5
345.27091693878174,0.0,1310.265625,814975.0625,73,0.0,0.0,17.4,57.2
345.7755298614502,0.0,1310.515625,814975.0625,73,0.0,0.0,16.4,57.0
346.29181385040283,0.0,1310.984375,814975.0625,73,0.0,0.0,14.1,57.0
346.8058748245239,0.0,1448.65625,814975.0625,73,0.0,0.0,17.6,56.1
347.31410479545593,0.0,1599.328125,814975.0625,73,0.0,0.0,18.3,56.8
347.82841181755066,0.0,1599.421875,814974.515625,72,0.0,0.0,11.1,56.8
348.33703875541687,0.4,1608.109375,814974.515625,72,0.0,0.0,17.9,56.8
348.85118103027344,0.0,1608.109375,814974.515625,72,0.0,0.0,12.8,56.8
349.36179304122925,0.0,1610.96875,814974.515625,72,0.0,0.0,24.5,56.8
349.8687798976898,0.0,1610.984375,814974.515625,72,0.0,0.0,10.9,56.8
350.38307309150696,0.0,1705.390625,814974.515625,72,0.0,0.0,19.1,57.1
350.89735889434814,0.0,1785.796875,814974.515625,72,0.0,0.0,17.0,57.5
351.41147899627686,0.0,1785.84375,814974.515625,72,0.0,0.0,11.1,57.5
351.92559480667114,0.0,1804.734375,814974.515625,72,0.0,0.0,17.7,57.5
352.4397418498993,0.2,1141.90625,815104.5625,73,0.0,0.0,20.0,55.8
352.95387387275696,0.0,1147.515625,815104.5625,73,0.0,0.0,16.3,55.8
353.4680037498474,0.0,1148.140625,815105.5625,73,0.0,0.0,16.2,55.8
353.97704887390137,0.0,1148.1875,815105.5625,73,0.0,0.0,19.0,55.8
354.49382400512695,0.0,1148.1875,815105.5625,73,0.0,0.0,14.7,55.8
355.00788402557373,0.0,1148.296875,815106.5625,73,0.0,0.0,15.5,55.8
355.5219829082489,0.0,968.90625,815106.5625,73,0.0,0.0,18.8,54.8
356.0309040546417,0.1,969.125,815106.5625,73,0.0,0.0,22.3,54.9
356.5373041629791,0.0,1183.4375,815106.5625,73,0.0,0.0,18.0,55.8
357.0515830516815,0.0,1501.359375,815106.5625,73,0.0,0.0,10.3,57.3
357.5658538341522,0.0,1824.25,815106.5625,73,0.0,0.0,11.2,58.7
358.08007979393005,0.0,2083.734375,815106.5625,73,0.0,0.0,13.5,59.9
358.59428095817566,0.0,2083.734375,815106.5625,73,0.0,0.0,11.1,59.9
359.1085069179535,0.0,2083.734375,815106.5625,73,0.0,0.0,11.4,59.9
359.62262773513794,0.0,2187.640625,815106.5625,73,0.0,0.0,15.2,60.4
360.13256883621216,0.2,2187.671875,815106.5625,73,0.0,0.0,14.1,60.4
360.64282178878784,0.0,2187.671875,815106.5625,73,0.0,0.0,10.8,60.4
361.1570587158203,0.0,2191.65625,815106.5625,73,0.0,0.0,15.7,60.4
361.66565775871277,0.0,2191.65625,815106.5625,73,0.0,0.0,13.2,60.1
362.17971301078796,0.0,2191.65625,815106.5625,73,0.0,0.0,11.1,60.1
362.69059777259827,0.0,2191.78125,815106.5625,73,0.0,0.0,14.3,60.1
363.20466470718384,0.0,2191.78125,815106.5625,73,0.0,0.0,18.7,60.0
363.7192289829254,0.2,2191.796875,815106.5625,73,0.0,0.0,11.3,60.0
364.233464717865,0.0,2191.796875,815106.5625,73,0.0,0.0,13.0,60.0
364.7476978302002,0.0,2191.796875,815106.5625,73,0.0,0.0,10.8,60.0
365.2617988586426,0.0,2191.796875,815106.5625,73,0.0,0.0,10.9,60.0
365.775869846344,0.0,2191.796875,815106.5625,73,0.0,0.0,12.2,59.9
366.2899057865143,0.0,2191.796875,815106.5625,73,0.0,0.0,10.6,59.9
366.8039629459381,0.0,2191.796875,815106.5625,73,0.0,0.0,10.5,59.9
367.31029891967773,0.1,2191.8125,815106.5625,73,0.0,0.0,11.8,59.9
367.8245439529419,0.0,2191.8125,815106.5625,73,0.0,0.0,11.5,59.9
368.3332738876343,0.0,2191.8125,815106.5625,73,0.0,0.0,10.6,59.9
368.84735584259033,0.0,2191.8125,815106.5625,73,0.0,0.0,11.7,59.9
369.36145305633545,0.0,2191.8125,815106.5625,73,0.0,0.0,12.8,59.6
369.8755159378052,0.0,2191.8125,815106.5625,73,0.0,0.0,12.2,59.6
370.38165402412415,0.0,2191.8125,815106.5625,73,0.0,0.0,18.3,59.5
370.88846802711487,0.1,2191.8125,815106.5625,73,0.0,0.0,15.5,59.5
371.4024739265442,0.0,2191.8125,815106.5625,73,0.0,0.0,10.7,59.5
371.9105978012085,0.0,2191.8125,815106.5625,73,0.0,0.0,10.7,59.5
372.4248859882355,0.0,2191.8125,815106.5625,73,0.0,0.0,15.5,59.4
372.9392168521881,0.0,2191.8125,815106.5625,73,0.0,0.0,11.7,59.3
373.4534659385681,0.0,2191.8125,815106.5625,73,0.0,0.0,11.1,59.3
373.96768593788147,0.0,2191.8125,815106.5625,73,0.0,0.0,13.5,59.3
374.4819440841675,0.0,2191.8125,815106.5625,73,0.0,0.0,10.9,59.3
374.99621772766113,0.1,2191.875,815106.5625,73,0.0,0.0,11.8,59.3
375.50122809410095,0.0,2191.875,815106.5625,73,0.0,0.0,12.6,59.3
376.01310992240906,0.0,2191.875,815106.5625,73,0.0,0.0,11.5,59.3
376.5273039340973,0.0,2191.875,815106.5625,73,0.0,0.0,11.5,59.1
377.0337097644806,0.0,2191.875,815106.5625,73,0.0,0.0,17.6,59.1
377.5473039150238,0.0,2191.875,815106.5625,73,0.0,0.0,14.5,59.0
378.0537841320038,0.0,2191.875,815106.5625,73,0.0,0.0,10.5,59.0
378.5681059360504,0.2,2191.890625,815106.5625,73,0.0,0.0,12.2,59.0
379.08238697052,0.0,2191.890625,815106.5625,73,0.0,0.0,10.7,59.0
379.58835792541504,0.0,2191.890625,815106.5625,73,0.0,0.0,10.9,59.0
380.10248708724976,0.0,2191.890625,815106.5625,73,0.0,0.0,12.4,58.9
380.6165449619293,0.0,2191.890625,815106.5625,73,0.0,0.0,10.5,58.9
381.12184286117554,0.0,2191.890625,815106.5625,73,0.0,0.0,10.7,58.9
381.6317298412323,0.0,2191.890625,815106.5625,73,0.0,0.0,11.0,58.9
382.1460340023041,0.1,2191.890625,815106.5625,73,0.0,0.0,15.2,58.9
382.66032099723816,0.0,2191.890625,815106.5625,73,0.0,0.0,11.1,58.9
383.17440485954285,0.0,2191.890625,815106.5625,73,0.0,0.0,11.3,58.9
383.6808478832245,0.0,2191.890625,815106.5625,73,0.0,0.0,14.8,58.9
384.1933979988098,0.0,2191.890625,815106.5625,73,0.0,0.0,18.3,58.7
384.70108008384705,0.0,2191.890625,815106.5625,73,0.0,0.0,18.0,58.6
385.2151439189911,0.0,2191.890625,815106.5625,73,0.0,0.0,14.2,58.6
385.7205047607422,0.1,2191.890625,815106.5625,73,0.0,0.0,10.7,58.6
386.23474192619324,0.0,2191.890625,815106.5625,73,0.0,0.0,12.9,58.5
386.7489609718323,0.0,2191.890625,815106.5625,73,0.0,0.0,11.4,58.5
387.2621428966522,0.0,2191.890625,815106.5625,73,0.0,0.0,10.9,58.5
387.7762508392334,0.0,2191.890625,815106.5625,73,0.0,0.0,12.5,58.5
388.29030895233154,0.0,2191.890625,815106.5625,73,0.0,0.0,10.3,58.5
388.8043887615204,0.0,2191.890625,815106.5625,73,0.0,0.0,10.7,58.5
389.3184771537781,0.1,2191.890625,815106.5625,73,0.0,0.0,10.6,58.5
389.83252573013306,0.0,2191.890625,815106.5625,73,0.0,0.0,10.7,58.5
390.3465690612793,0.0,2191.890625,815106.5625,73,0.0,0.0,10.9,58.5
390.8611059188843,0.0,2191.890625,815106.5625,73,0.0,0.0,10.5,58.5
391.3748428821564,0.0,2191.890625,815106.5625,73,0.0,0.0,20.2,58.5
391.88293504714966,0.0,2191.890625,815106.5625,73,0.0,0.0,12.8,58.5
392.3939588069916,0.0,2191.890625,815106.5625,73,0.0,0.0,11.6,58.5
392.90799474716187,0.2,2191.90625,815106.5625,73,0.0,0.0,14.8,58.5
393.42102885246277,0.0,2191.90625,815106.5625,73,0.0,0.0,11.5,58.5
393.93528604507446,0.0,2191.90625,815106.5625,73,0.0,0.0,10.8,58.5
394.44396591186523,0.0,2191.90625,815106.5625,73,0.0,0.0,14.7,58.6
394.95800495147705,0.0,2191.90625,815106.5625,73,0.0,0.0,11.3,58.5
395.4720129966736,0.0,2191.90625,815106.5625,73,0.0,0.0,10.6,58.5
395.98406982421875,0.0,2191.90625,815106.5625,73,0.0,0.0,14.2,58.5
396.4983398914337,0.0,2191.90625,815106.5625,73,0.0,0.0,10.5,58.5
397.0101819038391,0.1,2191.90625,815106.5625,73,0.0,0.0,10.6,58.5
397.5244936943054,0.0,2191.90625,815106.5625,73,0.0,0.0,12.8,58.5
398.0328907966614,0.0,2191.90625,815106.5625,73,0.0,0.0,14.0,58.6
398.5456049442291,0.0,2191.921875,815106.5625,73,0.0,0.0,15.7,58.5
399.05986309051514,0.0,2191.921875,815106.5625,73,0.0,0.0,14.0,58.5
399.56744599342346,0.0,2191.921875,815106.5625,73,0.0,0.0,12.0,58.5
400.07587003707886,0.0,2191.921875,815106.5625,73,0.0,0.0,10.7,58.5
400.5808799266815,0.1,2191.9375,815106.5625,73,0.0,0.0,10.5,58.5
401.09497594833374,0.0,2191.9375,815106.5625,73,0.0,0.0,10.9,58.5
401.60398292541504,0.0,2191.9375,815106.5625,73,0.0,0.0,11.0,58.5
402.1182668209076,0.0,2191.9375,815106.5625,73,0.0,0.0,16.0,58.5
402.62515091896057,0.0,2191.9375,815106.5625,73,0.0,0.0,12.1,58.5
403.13925671577454,0.0,2191.9375,815106.5625,73,0.0,0.0,11.7,58.5
403.6533000469208,0.0,2191.9375,815106.5625,73,0.0,0.0,16.7,58.6
404.1663177013397,0.1,2191.9375,815106.5625,73,0.0,0.0,11.9,58.6
404.6761248111725,0.0,2191.9375,815106.5625,73,0.0,0.0,10.6,58.6
405.19020080566406,0.0,2191.9375,815106.5625,73,0.0,0.0,19.1,58.7
405.6954529285431,0.0,2191.9375,815106.5625,73,0.0,0.0,13.9,58.6
406.2095670700073,0.0,2191.9375,815106.5625,73,0.0,0.0,10.7,58.6
406.7236559391022,0.0,2191.9375,815106.5625,73,0.0,0.0,13.3,58.6
407.2305269241333,0.0,2191.9375,815106.5625,73,0.0,0.0,13.9,58.6
407.7353699207306,0.1,2191.9375,815106.5625,73,0.0,0.0,12.0,58.7
408.24966287612915,0.0,2191.9375,815106.5625,73,0.0,0.0,11.2,58.6
408.7555949687958,0.0,2191.9375,815106.5625,73,0.0,0.0,12.4,58.6
409.26992201805115,0.0,2191.9375,815106.5625,73,0.0,0.0,12.1,58.7
409.78419303894043,0.0,2191.9375,815106.5625,73,0.0,0.0,15.6,58.6
410.29845786094666,0.0,2191.9375,815106.5625,73,0.0,0.0,11.7,58.6
410.81272888183594,0.0,2191.9375,815106.5625,73,0.0,0.0,14.4,58.6
411.3268418312073,0.1,2191.96875,815106.5625,73,0.0,0.0,10.9,58.6
411.8404219150543,0.0,2191.96875,815106.5625,73,0.0,0.0,11.1,58.6
412.3519139289856,0.0,2191.96875,815106.5625,73,0.0,0.0,22.5,58.6
412.8662519454956,0.0,2191.96875,815106.5625,73,0.0,0.0,10.6,58.6
413.37573504447937,0.0,2191.96875,815106.5625,73,0.0,0.0,10.8,58.6
413.88635897636414,0.0,2191.96875,815106.5625,73,0.0,0.0,12.9,58.6
414.4004600048065,0.0,2191.96875,815106.5625,73,0.0,0.0,11.5,58.5
414.9145829677582,0.0,2191.96875,815106.5625,73,0.0,0.0,12.2,58.5
415.42869091033936,1.6,324.8125,814937.71875,68,0.0,0.0,20.2,58.5
415.94275879859924,0.0,513.109375,814964.953125,73,0.0,0.0,16.7,53.5
416.45128297805786,0.1,617.71875,814972.953125,73,0.0,0.0,21.7,53.9
416.96565985679626,0.0,748.25,814974.953125,73,0.0,0.0,18.8,54.5
417.48000383377075,0.4,1017.890625,814977.0625,73,0.0,0.0,16.6,54.7
417.99252581596375,0.0,1018.75,814977.0625,73,0.0,0.0,15.0,55.8
418.5007529258728,0.0,1018.96875,814977.0625,73,0.0,0.0,15.0,55.7
419.0127329826355,0.0,1019.6875,814977.0625,73,0.0,0.0,18.6,55.7
419.5259656906128,0.0,1019.8125,814977.0625,73,0.0,0.0,23.9,55.7
420.0399990081787,0.0,1171.671875,814979.109375,74,0.0,0.0,15.0,56.4
420.55407786369324,0.0,1177.15625,814978.5625,73,0.0,0.0,17.6,56.3
421.0642728805542,0.1,1177.734375,814978.5625,73,0.0,0.0,15.3,56.3
421.56838607788086,0.0,1177.765625,814978.5625,73,0.0,0.0,17.1,56.1
422.0824420452118,0.0,1177.765625,814978.5625,73,0.0,0.0,14.9,56.1
422.59267497062683,0.1,1177.765625,814978.5625,73,0.0,0.0,17.4,55.2
423.10702991485596,0.0,1177.78125,814978.5625,73,0.0,0.0,17.5,55.1
423.6213459968567,0.0,1177.8125,814978.5625,73,0.0,0.0,22.2,55.1
424.13975286483765,0.0,1182.1875,814978.5625,73,0.0,0.0,16.8,55.2
424.6529448032379,0.0,940.625,814978.5625,73,0.0,0.0,17.7,55.2
425.1671280860901,0.1,1273.4375,814978.5625,73,0.0,0.0,13.2,56.7
425.681205034256,0.0,1611.65625,814978.5625,73,0.0,0.0,11.0,58.3
426.19527196884155,0.0,1904.125,814978.5625,73,0.0,0.0,21.5,59.7
426.70939588546753,0.0,1905.21875,814978.5625,73,0.0,0.0,15.0,59.6
427.21807193756104,0.0,1905.34375,814978.5625,73,0.0,0.0,10.8,59.6
427.73006105422974,0.0,1905.359375,814978.5625,73,0.0,0.0,13.8,59.6
428.2417027950287,0.0,1905.359375,814978.5625,73,0.0,0.0,10.4,59.6
428.7558259963989,0.1,1905.375,814978.5625,73,0.0,0.0,16.0,59.5
429.26730585098267,0.0,1905.375,814978.5625,73,0.0,0.0,11.8,59.3
429.7816467285156,0.1,1905.375,814978.5625,73,0.0,0.0,14.2,59.3
430.2986800670624,0.0,1905.375,814978.5625,73,0.0,0.0,12.7,59.2
430.8127989768982,0.0,1905.375,814978.5625,73,0.0,0.0,10.5,59.3
431.31982684135437,0.0,1905.375,814978.5625,73,0.0,0.0,12.6,59.3
431.83393573760986,0.0,1905.375,814978.5625,73,0.0,0.0,10.5,59.3
432.34806203842163,0.0,1905.375,814978.5625,73,0.0,0.0,13.5,59.3
432.86418199539185,0.1,1905.375,814978.5625,73,0.0,0.0,11.9,59.2
433.37700295448303,0.0,1905.375,814978.5625,73,0.0,0.0,19.0,59.3
433.89112877845764,0.0,1905.375,814978.5625,73,0.0,0.0,15.8,59.1
434.40526485443115,0.0,1905.375,814978.5625,73,0.0,0.0,10.7,59.1
434.9135670661926,0.0,1905.375,814978.5625,73,0.0,0.0,12.0,59.1
435.4276831150055,0.0,1905.375,814978.5625,73,0.0,0.0,11.8,59.0
435.9418239593506,0.0,1905.375,814978.5625,73,0.0,0.0,10.7,59.0
436.45099997520447,0.1,1905.390625,814978.5625,73,0.0,0.0,14.7,59.0
436.9608540534973,0.1,1905.390625,814978.5625,73,0.0,0.0,11.8,58.8
437.475154876709,0.0,1905.390625,814978.5625,73,0.0,0.0,15.1,58.8
437.9894530773163,0.0,1905.390625,814978.5625,73,0.0,0.0,11.4,58.8
438.49477982521057,0.0,1905.390625,814978.5625,73,0.0,0.0,11.7,58.8
439.0088770389557,0.0,1905.390625,814978.5625,73,0.0,0.0,10.5,58.8
439.5229630470276,0.0,1905.390625,814978.5625,73,0.0,0.0,14.6,58.8
440.0360429286957,0.1,1905.40625,814978.5625,73,0.0,0.0,14.1,58.7
440.5422420501709,0.0,1905.40625,814978.5625,73,0.0,0.0,18.6,58.7
441.0562918186188,0.0,1905.40625,814978.5625,73,0.0,0.0,12.9,58.6
441.56483578681946,0.0,1905.40625,814978.5625,73,0.0,0.0,12.7,58.7
442.07915687561035,0.0,1905.4375,814978.5625,73,0.0,0.0,15.8,58.7
442.5934228897095,0.0,1905.4375,814978.5625,73,0.0,0.0,10.9,58.6
443.1068298816681,0.0,1905.5625,814978.5625,73,0.0,0.0,16.1,58.6
443.62091994285583,0.0,1905.5625,814978.5625,73,0.0,0.0,10.9,58.6
444.1349549293518,0.1,1905.625,814978.5625,73,0.0,0.0,19.6,58.4
444.6490249633789,0.0,1905.625,814978.5625,73,0.0,0.0,15.0,58.4
445.161101102829,0.0,1905.625,814978.5625,73,0.0,0.0,11.8,58.4
445.6673529148102,0.0,1500.140625,814978.5625,73,0.0,0.0,20.8,56.5
446.1814069747925,0.0,1500.53125,814978.5625,73,0.0,0.0,19.2,56.5
446.6954679489136,0.0,1500.53125,814978.5625,73,0.0,0.0,10.7,56.5
447.2094850540161,0.0,1500.53125,814978.5625,73,0.0,0.0,17.5,56.5
447.7236728668213,0.1,1500.578125,814978.5625,73,0.0,0.0,15.4,56.5
448.23637104034424,0.0,1500.578125,814978.5625,73,0.0,0.0,16.3,56.4
448.74491906166077,0.0,1466.4375,814978.5625,73,0.0,0.0,19.6,56.5
449.25269985198975,0.0,1466.4375,814978.5625,73,0.0,0.0,10.3,56.5
449.76700091362,0.0,1466.71875,814978.5625,73,0.0,0.0,18.5,56.5
450.2755708694458,0.0,1466.734375,814978.5625,73,0.0,0.0,13.5,56.5
450.78704380989075,0.0,1466.734375,814978.5625,73,0.0,0.0,11.1,56.5
451.2920649051666,0.0,1466.75,814978.5625,73,0.0,0.0,16.1,56.5
451.8063700199127,0.1,1134.875,814978.5625,73,0.0,0.0,17.6,55.6
452.32044291496277,0.0,1234.546875,814978.5625,73,0.0,0.0,15.9,56.2
452.83453011512756,0.0,1261.671875,814978.5625,73,0.0,0.0,13.0,56.4
453.34176683425903,0.0,1261.671875,814978.5625,73,0.0,0.0,13.4,56.3
453.85361790657043,0.0,1261.671875,814978.5625,73,0.0,0.0,13.9,56.3
454.36772298812866,0.0,1263.640625,814978.5625,73,0.0,0.0,24.2,56.4
454.8820478916168,0.0,1263.640625,814978.5625,73,0.0,0.0,18.2,56.4
455.3963198661804,0.1,1263.640625,814978.5625,73,0.0,0.0,12.0,56.4
455.9105978012085,0.0,1263.640625,814978.5625,73,0.0,0.0,13.2,56.4
456.42487502098083,0.0,1263.703125,814978.5625,73,0.0,0.0,13.7,56.4
456.93897795677185,0.0,892.375,814978.5625,73,0.0,0.0,16.9,55.2
457.4530928134918,0.0,892.390625,814978.5625,73,0.0,0.0,16.2,55.2
457.96102690696716,0.0,1029.1875,814978.5625,73,0.0,0.0,12.5,55.8
458.46991896629333,0.0,1029.1875,814978.5625,73,0.0,0.0,14.5,55.8
458.9840021133423,0.0,988.46875,814978.5625,73,0.0,0.0,17.0,55.8
459.4980847835541,0.1,988.46875,814978.5625,73,0.0,0.0,16.2,55.6
460.00905179977417,0.0,988.46875,814978.5625,73,0.0,0.0,14.4,55.6
460.52170991897583,0.0,988.484375,814978.5625,73,0.0,0.0,18.2,55.6
461.0314209461212,0.0,900.609375,814978.5625,73,0.0,0.0,16.7,55.2
461.5401511192322,0.0,900.609375,814978.5625,73,0.0,0.0,24.3,55.2
462.05111503601074,0.0,900.609375,814978.5625,73,0.0,0.0,13.1,55.2
462.5652389526367,0.0,925.8125,814978.5625,73,0.0,0.0,19.7,55.3
463.0767560005188,0.0,885.84375,814978.5625,73,0.0,0.0,10.8,54.1
463.5910530090332,0.1,885.84375,814978.5625,73,0.0,0.0,17.3,54.1
464.105349779129,0.0,885.84375,814978.5625,73,0.0,0.0,13.8,54.1
464.619441986084,0.0,836.03125,814978.5625,73,0.0,0.0,21.3,54.1
465.1344358921051,0.0,1135.65625,814978.5625,73,0.0,0.0,10.8,55.6
465.6485159397125,0.0,1490.765625,814978.5625,73,0.0,0.0,11.1,57.3
466.1550269126892,0.0,1827.8125,814978.5625,73,0.0,0.0,16.0,58.9
466.663104057312,0.0,1827.8125,814978.5625,73,0.0,0.0,12.0,58.7
467.1771969795227,0.2,1827.84375,814978.5625,73,0.0,0.0,11.5,58.7
467.6843430995941,0.0,1827.84375,814978.5625,73,0.0,0.0,14.7,58.6
468.19859409332275,0.0,1827.84375,814978.5625,73,0.0,0.0,12.9,58.6
468.7127239704132,0.0,1827.84375,814978.5625,73,0.0,0.0,17.1,58.5
469.2268559932709,0.0,1828.0625,814978.5625,73,0.0,0.0,14.5,58.5
469.73484802246094,0.0,1828.0625,814978.5625,73,0.0,0.0,10.8,58.5
470.24912095069885,0.0,1828.0625,814978.5625,73,0.0,0.0,17.9,58.5
470.763347864151,0.0,1828.0625,814978.5625,73,0.0,0.0,10.7,58.4
471.27755999565125,0.2,1828.09375,814978.5625,73,0.0,0.0,13.9,58.6
471.7890319824219,0.0,1828.09375,814978.5625,73,0.0,0.0,11.4,58.6
472.3031060695648,0.0,1828.09375,814978.5625,73,0.0,0.0,11.7,58.6
472.8116080760956,0.0,1828.09375,814978.5625,73,0.0,0.0,16.2,58.6
473.32567977905273,0.0,1828.09375,814978.5625,73,0.0,0.0,11.3,58.6
473.8397479057312,0.0,1828.09375,814978.5625,73,0.0,0.0,14.3,58.3
474.34429001808167,0.0,1828.09375,814978.5625,73,0.0,0.0,11.9,58.1
474.8521249294281,0.1,1828.09375,814978.5625,73,0.0,0.0,10.7,58.1
475.36619091033936,0.0,1828.09375,814978.5625,73,0.0,0.0,18.4,58.0
475.88032269477844,0.0,1828.09375,814978.5625,73,0.0,0.0,13.6,57.9
476.39438486099243,0.0,1828.09375,814978.5625,73,0.0,0.0,15.0,57.9
476.908451795578,0.0,1828.09375,814978.5625,73,0.0,0.0,11.1,57.9
477.41680884361267,0.0,1828.09375,814978.5625,73,0.0,0.0,12.9,57.9
477.93090987205505,0.0,1828.09375,814978.5625,73,0.0,0.0,10.7,57.9
478.4449939727783,0.1,1828.125,814978.5625,73,0.0,0.0,14.8,57.9
478.95682191848755,0.0,1828.125,814978.5625,73,0.0,0.0,11.1,57.9
479.4711458683014,0.0,1828.140625,814978.5625,73,0.0,0.0,16.3,57.8
479.98542380332947,0.0,1828.140625,814978.5625,73,0.0,0.0,10.5,57.7
480.49957299232483,0.0,1828.15625,814978.5625,73,0.0,0.0,22.0,57.7
481.0136880874634,0.0,1828.15625,814978.5625,73,0.0,0.0,16.9,57.7
481.5278170108795,0.0,1828.15625,814978.5625,73,0.0,0.0,10.6,57.7
482.0419080257416,0.0,1828.171875,814978.5625,73,0.0,0.0,20.0,57.6
482.5560247898102,0.1,1828.203125,814978.5625,73,0.0,0.0,23.4,57.5
483.07007002830505,0.0,1828.203125,814978.5625,73,0.0,0.0,17.1,57.4
483.58173394203186,0.0,1828.203125,814978.5625,73,0.0,0.0,15.3,57.5
484.0951099395752,0.0,1828.21875,814978.5625,73,0.0,0.0,13.6,57.5
484.6092219352722,0.0,1828.21875,814978.5625,73,0.0,0.0,13.7,57.5
485.1233389377594,0.0,1828.21875,814978.5625,73,0.0,0.0,19.0,57.4
485.6374099254608,0.0,1926.796875,814978.5625,73,0.0,0.0,14.9,57.8
486.1515100002289,0.1,1926.859375,814978.5625,73,0.0,0.0,15.1,57.9
486.6655340194702,0.0,1926.859375,814978.5625,73,0.0,0.0,15.3,57.9
487.17956590652466,0.0,1926.859375,814978.5625,73,0.0,0.0,16.7,57.9
487.6873779296875,0.0,1995.265625,814978.5625,73,0.0,0.0,16.4,58.2
488.20149993896484,0.0,0.0,0.0,0,0.0,0.0,14.9,58.4
488.71567273139954,0.0,0.0,0.0,0,0.0,0.0,1.2,50.9
